source_url_processed,f0,fact,bias
villagevoice.com,2.9111234025210326e-05,2,5
insideclimatenews.org,9.405479632433856e-06,2,4
fury.news,1.8953964799833808e-07,0,0
now8news.com,8.089044198537502e-07,0,3
constitution.com,1.6306031601089244e-05,0,0
oceana.org,9.762574195563886e-06,2,3
haaretz.com,0.00015503875968992252,2,4
justsecurity.org,9.186701331153024e-06,2,3
freebeacon.com,5.4555373704309883e-05,1,1
brexitcentral.com,3.841293132920267e-06,1,1
foreignpolicynews.org,1.0913861258630137e-06,1,5
patriotpost.us,6.2484769337474e-06,1,1
congress.gov,8.103071063933231e-05,2,3
thetyee.ca,8.571404081702625e-06,2,4
loser.com,1.120467010650039e-06,0,6
queerty.com,6.717721348918447e-05,2,5
empiresports.co,3.729251841224865e-07,0,3
emirates247.com,1.6344943691668986e-05,2,4
samuel-warde.com,5.364029888374538e-06,1,5
trueactivist.com,5.076322508921637e-06,0,6
popularresistance.org,3.5930252194440154e-06,1,5
fivethirtyeight.com,0.0006506180871828237,2,4
leftvoice.org,2.9621993737910525e-06,2,5
thebeaverton.com,2.1289731962274594e-05,0,3
nationalreport.net,1.185443699722369e-06,0,3
itep.org,3.7884527958781633e-06,2,4
ajc.com,0.00015206812652068127,2,4
abc11.com,2.400614557326676e-05,2,4
politicalmayhem.news,1.6413784953155054e-07,0,0
itv.com-news,0.00025687130747495504,2,2
breitbart.com,0.0031446540880503146,1,1
thebulletin.org,1.1129041233097768e-05,2,3
forwardprogressives.com,2.7164316953250208e-06,2,5
triggerreset.net,6.0593626059525e-08,0,0
theatlantic.com,0.0014124293785310734,2,4
dcclothesline.com,8.117805594791615e-06,0,0
santafenewmexican.com,8.756567425569177e-06,2,4
liberaldarkness.com,1.4574981868722556e-07,0,3
leftoverrights.com,4.342201991420677e-07,1,5
cp24.com,6.74900452183303e-05,2,3
inthesetimes.com,1.1903628225883247e-05,2,5
tampabay.com,0.0001179106237471996,2,4
france24-tv.com,1.2496229262819945e-07,0,0
freewestmedia.com,1.513042425709617e-06,1,1
theguardiansofdemocracy.com,2.40728927191536e-06,2,5
darientimes.com,1.5053394389900978e-06,2,4
conservativeoutfitters.com-blogs-news,5.488808593717839e-07,1,1
republicworld.com,9.945300845350573e-05,1,4
timesheadline.com,4.878831773489501e-07,1,4
amazingnews.net,0.0,0,0
redstatedisaster.com,2.0855161735950293e-07,2,5
thestar.com,0.0003658982802780826,2,4
smh.com.au,0.0004849660523763337,2,4
aceflashman.wordpress.com,3.034460240832971e-07,0,3
hoax-slayer.com,3.505217516272973e-06,2,3
home.nra.org,4.0738175744490164e-05,1,1
americanbridgepac.org,8.758622864209816e-07,1,5
orlandosentinel.com,8.449514152936208e-05,2,2
voanews.com,0.0003561253561253561,2,3
dailyclimate.org,4.5752121411489535e-07,2,4
newsandstoriesfromusa.com,0.0,0,0
tbo.com,1.4820743112059638e-05,2,2
fraserinstitute.org,7.354184898916728e-06,2,2
thesmokinggun.com,1.898577965104137e-05,2,2
offendedamerica.com,1.3712096166769804e-07,1,1
calgarysun.com,1.4113927623779145e-05,2,2
southafricatoday.net,5.503274448296737e-06,0,1
capitolfax.com,9.189318336365809e-06,2,3
blackpigeonspeaks.com,1.4662971597824016e-06,0,0
churchmilitant.com,1.4784588544900797e-05,1,1
liberalamerica.org,4.166281285647744e-07,1,5
newscientist.com,0.00013422818791946307,2,3
nationinstitute.org,7.783876012195777e-07,2,4
theskimm.com,2.1941372652273127e-05,2,3
iowastartingline.com,3.6164011022790565e-06,2,5
deepleftfield.info,9.465322843231537e-07,1,5
burrardstreetjournal.com,7.438074312312841e-07,0,3
who.int-en,0.000547645125958379,2,3
kutv.com,2.324122062890743e-05,2,2
propublica.org,6.104633416763323e-05,2,4
yellowhammernews.com,4.116717165063892e-06,2,1
news.groopspeak.com,4.352310859450824e-06,1,5
fairvote.org,5.196046847558378e-06,2,4
intellectualtakeout.org,1.2924405154252775e-05,1,1
lawnewz.com,0.0,2,4
conservativefighters.com,3.8422967713180235e-06,0,0
oilprice.com,5.986231667165519e-05,2,2
the-american-interest.com,7.101112744367042e-06,2,2
illinoispolicy.org,5.100999795960008e-06,2,1
washingtonpost.com,0.005405405405405407,2,4
delawareonline.com,1.557777985481509e-05,2,4
gawken.com,9.316774815788726e-08,0,3
bigleaguepolitics.com,1.3095861707700367e-05,1,1
azcentral.com,0.00020024028834601522,2,2
leftsideofhistory.com,0.0,1,5
nationalobserver.com,1.0707325952416645e-05,2,4
reagancoalition.com,2.193202738345211e-07,0,0
stratfor.com,1.9527436047646946e-05,2,3
monthlyreview.org,8.721437292865864e-06,2,4
newswars.com,7.398583911039427e-06,0,0
indystar.com,3.95835807307129e-05,2,4
progressive.org,5.3745814544692326e-06,2,5
oathkeepers.org,3.712682896041166e-06,0,0
realcleardefense.com,1.3034920552159234e-05,2,2
berkeleyside.com,1.8516803999629667e-05,2,4
anthropocenemagazine.org,1.8739224945656247e-06,2,3
atlbanana.com,1.9409564917133774e-07,0,3
theroot.com,0.0003531073446327684,2,5
salon.com,0.0002414875633904854,2,5
daltondailycitizen.com,9.633322974300027e-08,2,2
ydr.com,7.107977282904603e-06,2,4
bluestemprairie.com,3.500151731577564e-07,2,4
wilsoncenter.org,1.5584334626833108e-05,2,3
brokenworldnews.com,1.5612054191938028e-07,0,3
atimes.com,3.678499172337686e-05,2,3
patriotfires.com,2.318122969469161e-07,0,0
airspacemag.com,1.2511886291977378e-05,2,3
allgov.com,3.2161062601508352e-06,2,3
thegoldwater.com,1.4302059496567505e-05,0,0
lynx.media,1.214832128422334e-06,1,2
resistancereport.com,4.891228852772055e-07,0,6
unicornriot.ninja,3.713965252141101e-06,2,4
democraticreview.com,1.1603099280642654e-07,0,6
taskandpurpose.com,3.248546275541695e-05,2,3
zdf.de,0.000693000693000693,2,3
medicaldaily.com,5.2912852531879995e-05,2,3
americannewsx.com,7.013286671599345e-07,1,5
ibtimes.com,7.079646017699115e-05,1,4
gq.com,0.0004935834155972358,2,5
japantimes.co.jp,0.00023413720440177945,2,3
theguardian.com-us,0.007936507936507936,2,4
chicksontheright.com,1.0454609275182984e-07,1,1
seeker.com,2.392287265854884e-05,2,3
foreignpolicyjournal.com,5.278353998089236e-06,2,5
quantamagazine.org,3.992494111071186e-05,2,3
democratandchronicle.com,1.7735213265939527e-05,2,4
buzzfeed.com,0.004444444444444445,1,4
harvardpolitics.com,4.227882887644012e-06,2,3
newsuptoday.com,1.935881663425678e-07,0,0
nrdc.org,3.023248783142365e-05,2,4
sciencetrends.com,8.075717931324097e-06,2,3
viralcords.com,1.3360549663701606e-07,0,3
africanews.com,4.443457009553433e-05,2,3
climatecentral.org,9.975858422617267e-06,2,3
siouxcityjournal.com,9.332275675423452e-06,2,3
startribune.com,0.0001644195988161789,2,4
commentarymagazine.com,1.4842300556586273e-05,2,1
themaven.net-beingliberal,0.0001094331363536879,1,5
merionwest.com,8.237958370301172e-07,2,3
cpj.org,6.101802472450363e-06,2,3
adelaidenow.com.au,3.9032006245121e-05,1,1
redpepper.org.uk,2.9231987979806537e-06,2,5
worldsocialism.org-spgb,3.6597594806069343e-06,2,5
examine.com,4.8899755501222496e-05,2,3
freespeech.org,8.869887618523874e-06,2,5
epi.org,1.6785282664160066e-05,2,4
atlanticmedia.com,1.1381743683132256e-05,2,4
citizencritics.org,0.0,2,5
thestranger.com,7.017543859649122e-05,2,4
bangkokpost.com,4.603203829865586e-05,2,3
fpif.org,4.054180062353289e-06,2,4
bigamericannews.com,1.511448923304245e-07,0,3
psypost.org,3.0475726084173955e-05,2,3
tharawat-magazine.com-#gs.a9CcWpc,2.61834253680735e-06,2,2
daily.jstor.org,0.0009017132551848512,2,3
beliefnet.com,6.579813133307015e-05,1,1
outsidethebeltway.com,4.153410365250907e-06,2,4
placesjournal.org,4.458553288628907e-06,2,3
swarajyamag.com,2.049474309839526e-05,2,2
politicalgarbagechute.com,4.030226700251889e-07,0,3
rewire.news,1.0350466806052952e-05,2,5
defconwarningsystem.com,5.95291246242224e-06,2,3
pnas.org,0.00024283632831471587,2,3
quillette.com,2.9789389019631208e-05,2,2
truthexaminer.com,0.0,0,6
aljazeera.com,0.0004782400765184122,2,4
milo.yiannopoulos.net,0.0,0,0
magicvalley.com,5.641048783789882e-06,2,3
msn.com,0.021739130434782608,2,4
nationmaster.com,2.783034620950685e-05,2,3
mentaldaily.com,1.1401415212064615e-07,2,3
skeptic.com,6.328993753283165e-06,2,3
panampost.com,4.276062601556487e-05,2,4
marketwatch.com,0.0010351966873706005,2,3
novinite.com,6.38630775617077e-06,2,3
liberationnews.org,3.073159638350574e-06,2,5
abriluno.com,1.1118629775646065e-07,0,3
detroitnews.com,5.5903398926654734e-05,2,2
thechronicleherald.ca,2.473655568198684e-05,1,2
pinknews.co.uk,6.155361319709468e-05,2,5
theduran.com,1.8991188088726833e-05,0,0
teaparty.org,1.2462612163509473e-05,0,0
frc.org,6.609865885821178e-06,0,0
stocksnewsdaily.com,0.0,1,4
theoutline.com,8.722197993894462e-05,2,5
retractionwatch.com,1.0377642407197934e-05,2,3
uawire.org,2.672639124229612e-06,1,4
photographyisnotacrime.com,1.969252097745797e-06,2,5
babylonbee.com,4.25930658488798e-05,0,3
deadline.com,0.0005291005291005291,2,4
polygraph.info,4.993682991016365e-06,2,3
conservativebyte.com,1.342312328964241e-07,0,0
ntd.tv,0.0076335877862595426,2,2
fas.org,3.842606824469721e-05,2,3
guttmacher.org,1.4342675195777514e-05,2,4
al-monitor.com-pulse-home.html,2.379875770484781e-05,2,4
secondnexus.com,3.206978384965685e-05,1,4
nwitimes.com,2.270456815911361e-05,2,3
morningstaronline.co.uk,5.184436322160874e-06,2,5
climaterealityproject.org,7.186902588722313e-06,2,5
theproudliberal.org,3.417086113987159e-07,0,6
nccivitas.org,1.184589906820158e-06,1,1
vox.com,0.0011668611435239206,2,5
freedumjunkshun.com,6.038432205615863e-08,0,3
aol.com,0.003115264797507788,2,4
lgbtqnation.com,2.513004799839168e-05,2,5
beaware.one,1.561010454555317e-07,0,0
liberalsociety.com,9.424206432341313e-08,0,6
mwcnews.net,6.287959626268831e-07,2,4
taxpayer.com,1.150276756587635e-06,2,2
santamariatimes.com,3.2690635440571693e-06,2,3
wilderness.org,4.9238768636873935e-06,2,4
jamestown.org,7.346890795815211e-06,2,2
bluntforcetruth.com,7.330625888838388e-06,0,0
independent.co.uk,0.002444987775061125,2,4
desmogblog.com,4.232445930503238e-06,2,5
niskanencenter.org,3.357924534004023e-06,2,3
scientificamerican.com,0.0003498950314905528,2,3
greenleft.org.au,3.847100824818416e-06,1,5
texasmonthly.com,2.654350480437437e-05,2,4
pravdareport.com,1.4166111827286764e-05,1,5
hindustantimes.com,0.0005714285714285715,2,4
peninsuladailynews.com,4.798625673607078e-06,2,2
mirror.co.uk,0.0011148272017837237,1,5
americablog.com,2.09082108634882e-06,2,5
bb4sp.com,2.076821632174121e-06,0,0
firstinfreedomdaily.com,3.657854529320081e-07,1,1
fresnobee.com,2.7947793521701458e-05,2,4
bostonglobe.com,0.00025906735751295336,2,4
americanpatriotdaily.com,6.824680775556724e-06,0,0
helsinkitimes.fi,4.117073090398574e-06,2,4
shameproject.com,3.588010304765595e-07,2,4
pri.org-programs-globalpost,4.697702823319397e-05,2,4
tribunemagazine.org,2.680708575613541e-07,2,5
dailywire.com,0.0003181673560292714,1,1
skepticalscience.com,1.4929606903450232e-05,2,3
todayifoundout.com,6.81988678987929e-05,2,3
bismarcktribune.com,1.2188433176915108e-05,2,3
sbs.com.au,0.0002935995302407516,2,4
researchantisemitism.ca,0.0,0,0
occupydemocrats.com,1.2991602228319614e-06,0,6
vanityfair.com,0.0005035246727089627,2,5
eurasiareview.com,4.773406398273937e-06,2,3
thedailyvox.co.za,3.7081122371411936e-06,2,5
newbernsj.com,1.583328187516724e-06,2,3
verafiles.org,1.0687026163977457e-06,2,3
afa.net,4.519671871822106e-06,0,0
freedomcrossroads.com,7.130465412607948e-08,1,1
noozhawk.com,9.952229299363057e-06,2,3
dailydems.com,0.0,1,5
crisismagazine.com,7.0851134680921905e-06,1,1
thenewsliteracyproject.org,1.6186153716664616e-06,2,3
wral.com,0.00010359473738734072,2,3
dieharddemocrat.com,1.7189603040496984e-07,2,5
thesternfacts.com,1.0092131064487707e-06,1,5
truthinmedia.com,7.916904173791879e-06,0,0
kff.org,2.452182442373713e-05,2,3
cosmosmagazine.com,1.6507643038726928e-05,2,3
rightwingnews.com,2.892146088083201e-06,0,0
mediashift.org,5.601801539375064e-06,2,3
thebalance.com,0.0016722408026755853,2,3
christianpost.com,6.178942165101334e-05,1,1
pogo.org,2.5803455082635564e-06,2,3
africanarguments.org,5.643340857787809e-06,2,4
newswithviews.com,5.971147415687399e-06,0,0
metro.co.uk,0.0008305647840531563,2,4
knowyourmeme.com,0.0012360939431396785,2,3
mediamatters.org,3.5578325683993314e-05,2,5
crisisgroup.org,8.783564194678917e-06,2,4
newsweek.com,0.0009165902841429881,2,4
climateactiontracker.org,2.571573314269403e-06,2,3
thepublicdiscourse.com,5.126470015276882e-06,0,0
ocregister.com,0.00010506408909434756,2,2
taxjustice.net,2.2044057252825502e-06,2,4
theguardian.com-observer,0.007936507936507936,2,4
howstuffworks.com,0.0005624296962879642,2,3
dailyprogress.com,1.1561762937612727e-05,2,3
libcom.org,1.8260170915199767e-05,2,5
zeit.de,0.0006540222367560497,2,4
statesmanjournal.com,8.112668743509865e-06,2,2
renewamerica.com,2.0657443806588485e-06,0,0
scienceblogs.com,1.8218586602051405e-05,2,3
eurasiagroup.net,3.506729413744977e-06,2,3
shtfplan.com,1.8161015563990334e-05,0,0
sourcewatch.org-index.php-SourceWatch,9.570843382718884e-06,2,5
weeklystandard.com,4.289452236949342e-05,2,1
joeforamerica.com,4.758324689043482e-06,0,0
greentechmedia.com,2.8062298302230956e-05,2,4
news.cgtn.com,4.450378282153984e-05,2,3
opendemocracy.net,2.38004569687738e-05,2,4
breakingdefense.com,1.0101622320544679e-05,2,2
mprnews.org,3.2222723464587226e-05,2,4
newsbreakshere.com,1.3230208269938586e-07,0,0
egyptianstreets.com,7.221363682317769e-06,1,4
70news.wordpress.com,1.0048605102882644e-06,0,0
poynter.org,2.0852448077404288e-05,2,3
addictinginfo.org,2.915018466641986e-06,1,5
surenews.com,3.223175924165117e-06,0,0
janes.com,1.8850496710588324e-05,2,3
nova-magazine.net,2.0441620775228025e-06,1,5
thewest.com.au,4.9231981094919265e-05,2,2
usaconservativereport.com,7.360806414618915e-08,0,0
express.co.uk,0.0018315018315018317,2,1
observatory.journalism.wisc.edu,0.0005841121495327102,2,3
postbulletin.com,1.20756904276002e-05,2,2
oilandwaterdontmix.org,3.3884372290309105e-07,2,4
iwf.org,2.15556729142192e-06,2,1
newmoderate.com,1.7279740333886055e-07,2,4
ips-dc.org,2.6465388564834905e-06,2,5
worldtribune.com,3.5844863431070326e-06,2,1
merryjane.com,1.252944419385556e-05,2,5
heritage.org,5.0658561296859166e-05,1,1
desertsun.com,1.1124584218664826e-05,2,2
americanheritage.com,5.072614476227192e-06,2,3
westmonster.com,7.500018750046875e-06,2,2
fullfact.org,1.0578764188767468e-05,2,3
phnompenhpost.com,1.1863944286917627e-05,2,3
fair.org,9.024782051513457e-06,2,4
mainebeacon.com,6.570095029854511e-07,2,4
redice.tv,1.2555558345679632e-05,0,0
taiwannews.com.tw,5.08931752252023e-05,2,3
timesofisrael.com,0.00016095284081764043,2,4
newsmax.com,0.000138811771238201,1,1
rstreet.org,3.1420061080598737e-06,2,2
ft.com,0.0006357279084551813,2,3
singularityhub.com,2.3919439328342144e-05,2,3
agerpres.ro,2.145922746781116e-05,2,3
thepostemail.com,8.33762025975022e-07,1,1
swedishwire.com,4.731960465416704e-07,2,3
contrailscience.com,1.5530820136018924e-06,2,3
globalriskinsights.com,4.4461833961727255e-06,2,4
diversityinc.com,4.363763309478094e-05,2,4
pilotonline.com,3.047294002925402e-05,2,4
nation.com.pk,3.486142583231654e-05,2,2
daily-journal.com,4.5095218553976735e-06,2,3
ncpolicywatch.com,1.5498805817011802e-06,2,4
stopfake.org,9.363471226052922e-06,2,4
almasdarnews.com,5.041593143433325e-05,1,4
pgpf.org,3.0857625999401364e-06,2,3
realnewsrightnow.com,1.0796710889994472e-06,0,3
commoncause.org,3.147722622682489e-06,2,4
theestablishment.co,1.0101112132445782e-05,2,5
progresstribune.com,1.3440209882317523e-06,0,6
rightweb.irc-online.org,1.23619021011525e-06,2,4
rollingstone.com,0.0006697923643670463,2,4
daily49er.com,1.4351279129508812e-06,2,5
freepress.org,5.815370139586329e-07,2,5
defenddemocracy.org,2.6671716511659543e-06,2,1
independent.org,1.0027776942129699e-05,2,2
fbherald.com,2.1307287305331293e-06,2,2
mlive.com-grand-rapids-#-0,0.0001888930865130336,2,2
providencejournal.com,2.0247013565499087e-05,2,4
jewishbreakingnews.com,1.931963957280413e-06,1,2
realclimate.org,3.5521328781867067e-06,2,3
truth-out.org,2.1167157039138074e-05,1,5
ffrf.org,5.32577782985205e-06,2,3
warontherocks.com,1.4013452914798206e-05,2,3
socialistworker.org,6.679446674637472e-06,2,5
verifiedpolitics.com,1.824408025206021e-07,2,5
vermontindependent.org,4.959535152689209e-07,1,5
rapidcityjournal.com,1.0374735444246173e-05,2,3
maplight.org,9.571704509995729e-07,2,3
deseretnews.com,9.346667912889056e-05,2,2
hollywoodreporter.com,0.0008278145695364237,2,4
mic.com,9.923588369554429e-05,2,4
theonion.com,0.0003352329869259136,0,3
demos.org,4.128529376550779e-06,2,4
watchers.news,9.767818943708059e-06,2,3
themarysue.com,5.333333333333333e-05,2,5
ledevoir.com,2.8541256386106115e-05,2,3
auburnpub.com,4.8734605956343535e-06,2,3
quadrant.org.au,1.2613839905143925e-05,1,1
studentnewsdaily.com,8.120772123013459e-06,2,2
csmonitor.com,6.625149065853981e-05,2,3
patribotics.blog,4.8226936673209455e-06,0,1
mbganews.com,8.50968231653976e-07,0,0
politifeed.net,6.750120658406771e-07,1,1
bloomberg.com,0.002824858757062147,2,4
itsgoingdown.org,5.2637396764905604e-06,1,5
republicanssucks.org,1.0485735991187787e-07,1,5
bipartisanpolicy.org,2.9506706874472567e-06,2,2
antifascistnews.net,6.257489432664721e-07,2,5
reason.com,8.882572392965002e-05,2,2
kentucky.com,3.547105561861521e-05,2,4
dailysignal.com,2.7023375219564927e-05,1,1
courier-journal.com,2.162349176144964e-05,2,4
vancouversun.com,5.551237926057511e-05,2,4
timescolonist.com,2.279617936033921e-05,2,4
techxplore.com,1.0848810970317653e-05,2,3
dailyrecord.com,4.903451048848179e-06,2,3
vivaliberty.com,9.256974158045801e-08,1,1
newsite.thehindu.com,0.0008960573476702508,2,4
scotusblog.com,2.736052969985499e-05,2,3
consumerist.com,2.7911910012002118e-05,2,3
dailynews.com,3.235512990584657e-05,2,2
edmontonjournal.com,2.763346965845032e-05,2,4
hcn.org,1.0812330381567137e-05,2,4
icenews.is,2.020287729378418e-06,2,4
680news.com,1.922263657683288e-05,2,3
jezebel.com,0.00040160642570281126,1,5
takepart.com,1.204862826367218e-05,2,5
abcnews.go.com,0.0012547051442910915,2,4
spectator.co.uk,6.884681583476765e-05,2,2
americasquarterly.org,4.039098473220777e-06,2,2
en.wikinews.org-wiki-Main_Page,1.8230211105844604e-05,2,3
nautil.us,4.01010546577375e-05,2,3
nj.com-starledger,0.0002946375957572186,2,4
punchingbagpost.com,1.08811796939777e-06,2,2
digitaljournal.com,2.971150132216181e-05,2,3
triblive.com,4.380393359323668e-05,2,2
crimeresearch.org,9.607070804111826e-06,1,1
themonthly.com.au,5.588309257034283e-06,2,4
theoslotimes.com,2.1946404685118475e-07,2,4
euronews.com,0.00049800796812749,2,3
counterpunch.org,3.101929400086854e-05,2,5
pennlive.com,6.0259114191021385e-05,2,4
toprightnews.com,1.043993903075606e-06,0,0
newsobserver.com,6.148548942449583e-05,2,4
altoday.com,1.1283905314493723e-06,2,3
humanprogress.org,5.6347869205326e-06,1,2
conservativemedia.com,8.479843835195932e-07,0,0
newsbiscuit.com,1.8766127140511376e-06,0,3
news24.com,0.00036724201248622835,2,3
chicagotribune.com,0.0006176652254478072,2,4
thelondoneconomic.com,9.933051234678266e-06,1,5
ebar.com,2.536448768807768e-06,2,5
toledoblade.com,1.845358922310389e-05,2,2
consmovement.com,5.92223887160977e-08,0,0
jta.org,1.910037245726292e-05,2,3
youngcons.com,9.141352737378076e-07,1,1
reverbpress.com,2.24753445470319e-06,1,5
rooseveltinstitute.org,3.791469194312796e-06,2,4
therebel.media,1.2896070567298144e-05,1,1
inquirer.net,0.001536098310291859,2,4
thelapine.ca,3.190813520242681e-07,0,3
newpol.org,1.6587076345336295e-06,2,5
voiceofsandiego.org,6.186319572896497e-06,2,3
economist.com,0.0005353319057815847,2,3
newrepublic.com,8.728288382648163e-05,2,5
lifesitenews.com,3.812719231355803e-05,1,1
nextbigfuture.com,2.6850683349891252e-05,2,3
politifact.com,0.000136035913481159,2,3
tennesseestar.com,2.2962481601311617e-06,2,1
pluralist.com,8.832439784841768e-06,2,4
stuff.co.nz,0.00030497102775236347,2,4
backchannel.com,6.028056019447956e-08,2,4
cincinnati.com,3.150499354147633e-05,2,2
sbgi.net,5.565976300072914e-06,1,1
thefloridasqueeze.com,1.775842819441714e-07,1,5
earthsky.org,5.205080158234437e-05,2,3
countercurrents.org,5.468754272464275e-06,2,5
newmatilda.com,5.797740040932045e-06,2,4
theverge.com,0.002710027100271003,2,4
americanactionforum.org,2.1355793933673176e-06,2,2
loonwatch.com,6.252074907359879e-07,0,6
dawn.com,0.0006747638326585696,2,4
everydayfeminism.com,2.1197668256491786e-05,2,5
weforum.org,0.00019215987701767868,2,3
thereligionofpeace.com,9.661369015989563e-06,0,0
i24news.tv,2.48071246061869e-05,2,3
voiceofeurope.com,2.0636853292609944e-05,0,0
aclu.org,5.1872600892208726e-05,2,4
thetandd.com,3.4306376526204927e-06,2,3
affinitymagazine.us,8.04887275537061e-06,2,4
legalinsurrection.com,1.4732530901483566e-05,1,1
poststar.com,1.185311618424484e-05,2,3
eff.org,8.485362749257531e-05,2,4
nationalcenter.org,1.1081609404297005e-06,1,1
bluenationreview.com,5.261809209955132e-07,1,5
newslookup.com,1.07609845439979e-06,2,3
realclearpolitics.com,0.00021523891519586744,2,2
thebaffler.com,2.0462870122163332e-05,2,4
presstv.com,9.232757824762255e-05,1,4
futurism.com,0.0001452643811737362,2,3
hoggwatch.com,1.676361624729687e-06,0,0
newrevolutionnow.org,0.0,2,1
lethbridgeherald.com,1.286029730435308e-06,2,4
valleynewslive.com,7.447069950328043e-06,2,2
highline.huffingtonpost.com,0.0038314176245210726,2,4
crosscut.com,7.691124442393478e-06,2,4
yesimright.com,1.0285219419728494e-06,0,0
vidmax.com,1.871397559697582e-05,0,0
world.wng.org,8.422896802668375e-06,1,1
thecipherbrief.com,6.658631917486233e-06,2,3
emptywheel.net,6.358370476814203e-06,2,4
codepink.org,1.9149421017255543e-06,1,5
leftscoop.com,9.965000923755586e-08,1,5
freep.com,0.00010981770261366131,2,4
sltrib.com,7.28862973760933e-05,2,4
securingdemocracy.gmfus.org,5.006809260594408e-06,2,3
ipatriot.com,1.46437540727941e-06,1,1
news-gazette.com,1.5252737866447027e-05,2,2
studionewsnetwork.com,1.980315662316573e-06,0,1
mcall.com,3.405182688051214e-05,2,3
conservativetribune.com,4.354262823304015e-05,0,0
dailysabah.com,3.048780487804878e-05,1,1
oneindia.com,0.000727802037845706,1,4
newsthump.com,1.496625110376102e-05,0,3
inews.co.uk,5.912262031453234e-05,2,4
bullshitnews.org,1.6292262332142859e-07,0,3
atlantablackstar.com,2.3139577934098486e-05,2,4
ncse.com,4.0336731030643825e-06,2,3
disobedientmedia.com,3.426828641433785e-06,2,1
renewedright.com,4.391126411747141e-06,1,1
newsone.com,1.792468049257022e-05,2,4
chron.com,0.001694915254237288,2,4
imediaethics.org,1.5284653749096296e-06,2,3
transparency.org,2.3706794367265654e-05,2,3
adaa.org,2.45188181929631e-05,2,3
alternet.org,8.061265618702138e-05,1,5
puppetstringnews.com,2.164919216039454e-06,0,0
limacharlienews.com,8.558588243752017e-07,2,3
calwatchdog.com,5.408244002663019e-07,2,4
sfchronicle.com,9.771350400625366e-05,2,4
en.mercopress.com,3.642854540818185e-06,2,3
realclearscience.com,2.0875519278542054e-05,2,3
israelnationalnews.com,3.643916481434245e-05,2,2
mayoclinic.org,0.0010449320794148381,2,3
progressivestoday.com,0.0,0,0
projectcensored.org,1.6151514123691524e-06,2,5
billmoyers.com,7.842399146746973e-06,2,4
pressdemocrat.com,3.159258206173191e-05,2,4
fastcompany.com,0.00042105263157894734,2,4
dailysquib.co.uk,9.847162195562672e-07,0,3
citypaper.com,2.0465885415600737e-06,1,5
mercurynews.com,0.0002866150759529952,2,4
jihadwatch.org,2.2721076070162686e-05,0,0
thepeoplestruth.com,0.0,0,0
caribbeanlifenews.com,1.0097899132085569e-06,2,4
sootoday.com,1.2567234705675365e-05,2,4
mexiconewsdaily.com,8.488892284445802e-06,2,4
financialexpress.com,0.0002649006622516557,2,3
conservativedailypost.com,1.8463810930576073e-05,0,0
cosmopolitan.com,0.0005717552887364207,2,5
smirkingchimp.com,1.2207120657622005e-06,2,5
pacificresearch.org-home,7.090468708343497e-07,2,2
truthbetold.news,2.4332273743919364e-07,2,3
thepeoplescube.com,2.9179189402118414e-06,0,3
cdt.org,2.2728357489789284e-06,2,3
patrioticviralnews.com,2.9812568382578733e-06,0,0
thenewcivilrightsmovement.com,5.37611285536106e-06,1,5
bipartisanreport.com,6.269671093054459e-06,0,6
viralthread.com,6.997900629811057e-05,1,3
concernedwomen.org-blog,1.0611126615146108e-06,0,0
thehardtimes.net,3.4050667393080905e-05,0,3
trib.com,1.0607265977194378e-05,2,3
dailyjournalonline.com,4.6674227891585095e-06,2,3
ntknetwork.com,9.764385380762208e-06,1,1
thatsnonsense.com,5.908978101327158e-06,2,3
denverpost.com,0.00014721036360959813,2,4
telesurtv.net-english,0.00010097950116126426,1,5
metro.us,3.0344409042633894e-05,2,4
baxterbulletin.com,1.4503410476973659e-06,2,3
npr.org-sections-news,0.002242152466367713,2,4
judicialnetwork.com,2.0237847324465515e-07,1,1
dailykos.com,0.000236854571293226,1,5
speisa.com,1.6284284525532944e-06,0,0
montrealgazette.com,3.509264458169568e-05,2,4
theconversation.com-us,0.00034258307639602604,2,3
thequint.com,0.00010180189351521938,1,2
outlook.monmouth.edu,1.7053206002728514e-05,2,3
aclj.org,1.251345196085792e-05,1,1
elpais.com-elpais-inenglish.html,0.002564102564102564,2,4
tytnetwork.com,2.1696680407897596e-05,2,5
geneticliteracyproject.org,1.3944084222268705e-05,2,3
albawaba.com,5.951672419950006e-05,2,3
lawfareblog.com,2.8318985047575896e-05,2,4
nowthisnews.com,7.759938541286753e-06,1,5
againstcronycapitalism.org,0.0,1,1
gotnews.com,1.5564735290546913e-06,0,0
other98.com,9.055518478238232e-07,1,5
thinkprogress.org,0.00030618493570116345,1,5
post-gazette.com,7.428316743425942e-05,2,4
personalliberty.com,3.3356460479265623e-06,0,0
foreignpolicyi.org,7.23291729593047e-07,2,2
tomdispatch.com,4.39247656613752e-06,2,4
bellingcat.com,1.0253255408592227e-05,2,3
gizmodo.com,0.0022883295194508014,2,5
star-telegram.com,5.250997689561016e-05,2,2
arkansasonline.com,2.099252666050886e-05,2,2
trumpservativenews.info,4.582672091939401e-07,0,0
viraldevil.com,2.31077149959134e-07,0,3
timesofsandiego.com,6.086908885060898e-06,2,3
votevets.org,1.732042615176504e-06,2,4
kansascity.com,0.00011142061281337048,2,4
bizpacreview.com,0.00015262515262515263,1,1
usatoday.com,0.0030120481927710845,2,3
thehornnews.com,1.2603029768356313e-05,0,0
colombiareports.com,5.293582061109111e-06,1,4
focusonthefamily.com,3.17309217832778e-05,0,0
hudson.org,3.8088563527915113e-06,2,1
realmofhistory.com,7.401212318577784e-06,2,3
necn.com,1.6191709844559585e-05,2,4
heavy.com,0.0010141987829614604,2,4
rightalerts.com,3.474397339723445e-07,0,0
positive.news,4.72397796736676e-06,2,4
allthatsfab.com,8.525926917459648e-07,1,5
globetoday.com,2.6705107779144486e-07,1,5
fortnightlyreview.co.uk,3.8347734185777897e-07,2,2
prospect.org,1.4631220097443923e-05,2,5
fairus.org,6.878194061367247e-06,0,0
judicialwatch.org,1.9433324264448675e-05,1,1
soas.ac.uk,2.611920806561145e-05,2,3
citizen.org,5.527182684442087e-06,2,4
greensboro.com,1.3098091608052708e-05,2,4
sfgate.com,0.0009041591320072332,2,4
businessinsider.com,0.0034965034965034965,2,4
deepstatenation.com,8.819026520576554e-07,1,5
ir.net,4.483862578579692e-06,1,5
elitedaily.com,0.0002516356316054353,1,5
chroniclesofdemocracy.com,0.0,2,5
mtstandard.com,5.868406844909743e-06,2,3
esquire.com,0.0005192107995846313,2,5
takimag.com,1.6436825062870854e-05,0,0
squawker.org,1.0588621467371164e-05,0,0
americanewshub.com,1.3385698184631612e-06,1,1
morningconsult.com,8.454872120059185e-06,2,4
carbonated.tv,3.191676108708488e-06,2,5
pmnightlynews.com,8.085347635989888e-08,0,0
gopusa.com,5.2885149321219116e-06,1,1
staradvertiser.com,3.785727806170736e-05,2,4
icij.org,1.0685358921206163e-05,2,3
9news.com.au,0.00017220595832615808,2,2
eppc.org,1.2562056559403453e-06,2,2
newint.org,7.252315301660056e-06,2,5
newsrescue.com,3.605981602281865e-06,2,2
inquisitr.com-news,0.00014920919128618326,1,4
nationalinterest.org,9.83380863408398e-05,2,2
rte.ie,0.00019928258270227186,2,3
fwweekly.com,1.660519975225042e-06,2,4
consumerreports.org,0.00030731407498463427,2,3
trueviralnews.com,5.783425742837661e-07,2,3
politicalsitenews.com,0.0,0,0
nbcnews.com,0.001451378809869376,2,4
cleantechnica.com,5.03119339907426e-05,2,4
motherjones.com,0.000175530981218185,2,5
dailymail.co.uk,0.006756756756756757,1,1
techcrunch.com,0.0015082956259426848,2,4
recode.net,0.00015436863229391788,2,3
stepfeed.com,1.9444282408757704e-05,1,4
worldpoliticsreview.com,4.671369178306161e-06,2,3
dutchdailynews.com,3.638493809102784e-07,2,4
abqjournal.com,1.8574586251091254e-05,2,3
ecfr.eu,5.421846789453423e-06,2,4
americamagazine.org,5.3245301102177726e-05,2,4
thefiscaltimes.com,6.944299771532538e-06,2,2
scmp.com,0.0003481894150417828,2,3
conservativetoday.com,3.8724297715498783e-07,1,1
pri.org,4.697702823319397e-05,2,4
syriana-analysis.com,2.396636081595873e-07,1,5
jordantimes.com,6.412147171601882e-06,2,3
opednews.com,5.016152009470495e-06,1,5
wnyc.org,4.603839602228258e-05,2,4
lohud.com,1.4116517737404535e-05,2,4
commdiginews.com,2.822666008044598e-06,2,2
juancole.com,7.131853711416671e-06,2,5
cato.org-regulation,2.5060144346431435e-05,1,2
spokesman.com,2.872242647058823e-05,2,2
clickhole.com,7.378440197742197e-05,0,3
grist.org,2.4685262898049865e-05,2,4
wnd.com,0.00018402649981597352,1,1
breitbartunmasked.com,1.600596958641695e-07,1,5
theweek.com,0.0001905850962454736,2,4
geologyin.com,7.802320410089959e-06,2,3
progressiveliberal.net,4.838917282580188e-07,1,5
amren.com,1.512721991952319e-05,0,0
act.tv,5.663582091073799e-07,2,5
valuewalk.com,3.696584356055005e-05,2,2
wionews.com,1.0494941438226777e-05,1,3
the-japan-news.com,2.165533370869245e-05,2,2
baltimoresun.com,0.00010297600659046442,2,4
adflegal.org,3.6375805724096784e-06,0,0
guns.com,2.3375955492180747e-05,2,2
getreligion.org,1.9270087621088414e-06,1,1
webmd.com,0.002257336343115124,2,3
chroniclesmagazine.org,1.0723412103944178e-06,1,1
aidc.org.za,5.256542950423968e-07,2,5
alec.org,2.1500983670002898e-06,1,1
nzherald.co.nz,0.0002135383301302584,2,3
apmreports.org,3.492278572077138e-06,2,4
thewalrus.ca,1.1042646701561431e-05,2,5
canadafreepress.com,8.394473078924836e-06,1,1
rantt.com,1.6382726708267868e-06,2,5
americansforprosperity.org,1.8322568824149143e-06,1,1
medicalxpress.com,4.234417344173442e-05,2,3
realclearreligion.org,3.5102868957479895e-06,2,2
jpost.com-Jerusalem-Report,0.00015845349389954048,2,4
courthousenews.com,1.2737879907268235e-05,2,3
chicagoreporter.com,1.8433995236655632e-06,2,4
aei.org,2.5032542304996493e-05,1,1
seattlepi.com,7.724393635099645e-05,2,4
thehill.com,0.0014947683109118087,1,4
10news.one,4.5310088653719463e-07,0,0
tmn.today,4.4272862506198204e-06,0,0
international.thenewslens.com,0.00041017227235438887,2,2
71republic.com,4.296566184305503e-06,2,2
mysanantonio.com,5.6519527496750136e-05,2,4
oaoa.com,2.723526640175831e-06,2,2
littlegreenfootballs.com,3.397246871135632e-06,1,5
attn.com,7.7641559974223e-06,2,4
news.cn,7.408504963698325e-05,2,3
acpeds.org,2.361386606215169e-06,0,1
o4anews.com,1.7141133234600403e-06,0,0
jewishpolicycenter.org,6.130662816610417e-07,2,1
sandiegouniontribune.com,8.685079034219212e-05,2,2
mcclatchydc.com,3.723146803678469e-05,2,3
thefederalist.com,9.7551458394303e-05,2,1
dailyherald.com,3.1179845347967076e-05,2,2
euobserver.com,1.066712179719668e-05,2,4
washingtontimes.com,0.0001776198934280639,2,2
therightstuff.biz,2.8899228390601972e-05,0,0
understandrealitythroughscience.blogspot.com,0.0,2,3
bridgemi.com,4.7005513746762494e-06,2,3
healthcarefinancenews.com,5.570006628307888e-06,2,3
tribunist.com,2.1853146853146853e-05,1,1
edmontonsun.com,1.2384667781286765e-05,2,2
worldnewsdailyreport.com,2.963753297175543e-05,0,3
economyincrisis.org,0.0,1,5
realtimepolitics.com,1.022663240063037e-06,0,6
en-volve.com,4.290133122830802e-06,0,0
timesofindia.indiatimes.com,0.004587155963302753,2,3
memeorandum.com,1.9163696293741136e-05,1,3
dailypresser.com,1.1994592837548833e-06,0,0
indiatoday.intoday.in,0.0006844626967830253,2,3
fairobserver.com,5.363109316257193e-06,2,3
japantoday.com,9.718172983479106e-05,2,2
phys.org,0.00017834849295523454,2,3
thesaturdaypaper.com.au,4.863718604696407e-06,2,4
hillarybeattrump.org,5.764645658760647e-07,0,3
therightscoop.com,1.7608113818847727e-05,2,1
vdare.com,9.868356129235993e-06,0,0
dailyworldinformation.com,0.0,0,0
thegrio.com,3.627788862688192e-05,2,5
zmescience.com,2.622194252150199e-05,2,3
freedomsfinalstand.com,4.807139948823188e-07,0,0
au.org,2.0820580727637657e-06,2,5
hrw.org,6.669779230307477e-05,2,4
fifthestate.org,2.662801698760972e-07,2,5
stubhillnews.com,4.490442542093408e-07,0,3
hurriyetdailynews.com,2.388858364587564e-05,2,4
wired.com,0.0010787486515641855,2,4
timesunion.com,3.587830080367394e-05,2,4
hpenews.com,1.0276172125883108e-06,2,2
exposinggovernment.com,2.8799072900245197e-07,0,0
sun-sentinel.com,9.934432743890324e-05,2,2
harpers.org,1.3932039511264057e-05,2,4
tucson.com,3.103662321539417e-05,2,4
castanet.net,3.15000315000315e-05,2,3
londonwebnews.com,1.1506722457394062e-07,0,6
dailypress.com,1.0669739551657545e-05,2,2
standard.co.uk,0.00035063113604488083,2,2
pe.com,2.104111433741531e-05,2,2
thewhim.com,0.0,2,3
newstatesman.com,7.394808844191378e-05,2,5
policyed.org,7.768064244998531e-07,2,2
inequalitymedia.org,7.175140148424949e-07,2,5
wsj.com,0.002127659574468085,2,2
ff.org,5.24134836831584e-07,1,1
thetruthdivision.com,3.2031241992189496e-07,0,0
humanevents.com,6.006691454280067e-06,1,1
newromantimes.com,5.985314432508397e-07,0,3
gulfnews.com,0.00016455487905216393,2,2
budapestbeacon.com,2.683627190510694e-06,2,4
libertyunyielding.com,3.635768692395789e-06,1,1
mediaite.com,0.0001375137513751375,2,5
theglobeandmail.com,0.0003557452863749555,2,4
chinadaily.com.cn,0.0071428571428571435,2,3
migrationpolicy.org,1.8593927223368848e-05,2,4
governing.com,2.5662740267405757e-05,2,4
speakgov.com,0.0,0,0
business2community.com,6.66400106624017e-05,2,3
thegazette.com,2.1733933189889373e-05,2,2
ladylibertysnews.com,7.850688693814976e-08,0,0
nytimes.com,0.01,2,4
memepoliceman.com,9.009690823449705e-07,2,3
foxnews.com,0.0041841004184100415,1,1
theconservativetreehouse.com,5.062009617818274e-05,2,1
verywell.com,9.9930048965724e-05,2,3
leftjustified.com,1.1631009480901067e-07,2,4
newsheist.com,0.0,1,2
sungazette.com,3.6373291819282937e-06,2,2
rabble.ca,5.133970972528121e-06,2,5
euractiv.com,1.7684716867682947e-05,1,4
crooksandliars.com,5.492091388400703e-05,1,5
leadstories.com,5.072022722661798e-06,2,3
huffingtonpost.com,0.0038314176245210726,2,5
shareblue.com,2.4152839166243992e-05,1,5
vulture.com,0.0007122507122507122,2,4
deadspin.com,0.0009328358208955225,2,5
universitybusiness.com,4.4220785538034285e-06,2,4
conservativepost.com,2.42621868964781e-06,0,0
clarionproject.org,7.897147550304829e-06,0,0
napavalleyregister.com,1.101527819085071e-05,2,3
heartland.org,3.6400168896783684e-06,1,1
csis.org,2.290583411594933e-05,2,3
goodnewsnetwork.org,2.190340597962983e-05,2,3
house.gov,0.00013453518094981841,2,3
sojo.net,7.650758190136643e-06,2,4
callthecops.net,2.1606863549847788e-07,0,3
tallahassee.com,1.2825939179396413e-05,2,2
undark.org,7.275531659476016e-06,2,3
truthuncensored.net,3.19985664642224e-06,0,0
popularmechanics.com,0.00025393600812595224,2,3
capoliticalreview.com,1.7110249895199718e-06,2,2
truthdig.com,2.2130258702724234e-05,2,5
adobochronicles.com,1.1990177646472009e-06,0,3
timeslive.co.za,0.0001244090569793481,1,2
thehayride.com,4.184625685232456e-06,2,1
toinformistoinfluence.com,7.316610975062796e-07,2,4
urban.org,1.817520901490367e-05,2,4
herald-review.com,6.006258521379278e-06,2,3
glamour.com,0.00014812620352540364,2,4
thedailybanter.com,5.9859808328893735e-06,2,5
insidehighered.com,6.786102062975027e-05,2,4
sites.agu.org,2.2150356620741594e-05,2,3
ozy.com,2.7526976436908173e-05,2,4
dailyworldupdate.us,4.1270827839154383e-07,0,3
tdn.com,4.6240422452499534e-06,2,3
skyandtelescope.com,2.1730627145899432e-05,2,3
frankmag.ca,5.043194964874146e-07,0,3
ire.org,2.67053359931848e-06,2,3
jsonline.com,6.064649160046092e-05,2,4
cjnews.com,3.1641764597928093e-06,2,2
thedailybeast.com,0.0010615711252653928,2,5
carolinapublicpress.org,5.951966440432421e-07,2,4
pulsegulfcoast.com,6.133103055757266e-07,2,4
progressivearmy.com,3.1405851538258612e-06,2,5
democraticmoms.com,1.2263302924429847e-06,0,6
themoderatevoice.com,1.6163209625514596e-06,2,3
mnn.com,8.59106529209622e-05,2,4
rockcitytimes.com,2.2095643644994602e-07,0,3
en.bbarta24.net,3.2711273940563615e-06,2,3
commonwealthfund.org,1.0277281042527388e-05,2,4
irena.org,7.988368934830887e-06,2,3
irrawaddy.com,0.00022371364653243848,2,4
advocate.com,3.750515695908188e-05,2,5
sacbee.com,0.00013679890560875513,2,4
theolympian.com,7.88525378689313e-06,2,4
english.ahram.org.eg,0.0001633986928104575,2,3
biggovernment.news,7.815146770410135e-08,1,1
mediafiledc.com,1.7824898888261056e-06,2,4
qpolitical.com,6.648140515097927e-07,0,0
populardemocracy.org,1.1070396652312052e-06,2,4
cleveland.com-plaindealer,0.00014530659691950018,2,4
truthrevolt.org,5.479361983090689e-06,0,0
bettergov.org,1.9070358179467327e-06,2,3
rsf.org-en,1.3644053921301098e-05,2,3
americanmilitarynews.com,0.00025451768897938407,1,1
wcfcourier.com,8.967323074715735e-06,2,3
acculturated.com,2.621204495889951e-06,2,1
freedomoutpost.com,1.1395621802103634e-05,0,0
theknifemedia.com,5.1058180797018205e-06,2,3
reviewjournal.com,6.276675872457945e-05,2,2
wonkette.com,2.575129400252363e-05,1,5
thegatewaypundit.com,0.00012070006035003016,0,0
doctorswithoutborders.org,9.147540683687191e-06,2,3
fpri.org,5.060114156175363e-06,2,2
bustle.com,0.0009478672985781992,2,4
belfercenter.org,8.21962847279303e-06,2,3
madworldnews.com,8.097821685966473e-06,0,0
conservativefiringline.com,4.30450035512128e-06,0,0
crimeola.com,3.021303208926138e-06,2,3
independent.ie,0.0002563445270443476,2,2
politicops.com,5.2827242713234655e-08,0,3
derfmagazine.com,1.3945344291027064e-07,0,3
currentaffairs.org,2.9652473016249555e-05,2,5
reuters.com,0.002070393374741201,2,3
defiantamerica.com,0.0,0,0
rollcall.com,2.618417951873478e-05,2,3
teddystick.com,2.1592736376224928e-07,0,0
postandcourier.com,2.77062034189455e-05,2,3
good.is,1.882813676758548e-05,2,5
sandiegofreepress.org,2.443470314279152e-06,2,4
bdnews24.com,0.000136518771331058,2,3
independent.com,1.1151379983272929e-05,2,4
therealnews.com-t2,1.2954710332676961e-05,2,4
cei.org,3.3920036905000158e-06,2,2
nationofchange.org,3.0604343980584605e-06,1,5
ricochet.com,5.831345816300944e-06,1,1
citizen-times.com,9.757525491535346e-06,2,4
waterfordwhispersnews.com,1.762828987959878e-05,0,3
aim.org,3.6729326898355263e-06,1,1
upi.com,0.00010362694300518136,2,3
thevarsity.ca,5.679752817157398e-06,2,4
iflscience.com,0.0003491620111731844,2,3
thetab.com,8.650519031141868e-05,2,4
shadowproof.com,3.242363423546692e-06,2,5
shareably.net,2.608174017370439e-05,2,3
saudigazette.com.sa,3.468849729429721e-05,2,4
opposingviews.com,5.730067958605989e-06,2,4
armstrongeconomics.com,2.563248148053213e-05,2,2
listverse.com,0.0001232134056185313,2,3
theaustralian.com.au,7.7724234416291e-05,2,2
gaystarnews.com,1.940391182862465e-05,2,4
meduza.io,0.0006097560975609756,2,5
engadget.com,0.001718213058419244,2,4
oregonlive.com-#-0,0.00018786398647379298,2,2
washingtonpress.com,4.81811611659841e-05,1,5
news.abs-cbn.com,0.004694835680751174,2,3
deadstate.org,1.2173150898378535e-05,2,5
hangthebankers.com,2.177415842877673e-06,0,0
thejournal.ie,0.00012833675564681723,2,3
nationalnewswatch.com,9.886014255632556e-06,2,4
duhprogressive.com,5.581595247829807e-08,0,3
dutchreview.com,7.853300349471864e-06,1,4
realclearpolicy.com,6.013156787050067e-06,2,2
healthline.com,0.001567398119122257,2,3
watchdog.org,2.7151557277567654e-06,1,2
spectator.org,2.050230650948232e-05,2,1
alaraby.co.uk,0.0002228163992869875,2,4
journalstar.com,2.916642361313656e-05,2,3
this.org,7.898026993876659e-07,2,5
ced.org,1.283985490963952e-06,2,3
rfa.org-english,0.0002088118605136772,2,4
filmingcops.com,4.407868927609568e-06,2,5
nymag.com,0.0005488474204171242,2,5
stonecoldtruth.com,2.3028262586672624e-06,0,0
spiked-online.com,1.3946028868279754e-05,1,1
meanlefthook.com,7.729405867623876e-08,1,5
cgdev.org,1.0092446812805296e-05,2,3
macleans.ca,6.138358602909582e-05,2,4
patch.com,0.002493765586034913,2,3
dcwhispers.com,6.846642064399515e-06,1,1
plymouthpatriotpost.com,0.0,0,0
extranewsfeed.com,8.099658194424194e-06,1,5
dailycaller.com,0.0009775171065493646,1,1
bitchmedia.org,1.21630826116571e-05,2,5
colddeadhands.us,1.5079567337053966e-06,1,1
wvgazettemail.com,1.3969992456204071e-05,2,4
campaignforliberty.org,1.509174270389699e-06,1,2
remnantnewspaper.com,5.048720149442116e-06,0,0
guardianlv.com,6.322471327592528e-06,2,5
unclesamsmisguidedchildren.com,4.651292594211932e-06,0,0
thewrap.com,0.0001772735330615139,1,3
yahoo.com-news-?ref=gs,0.16666666666666666,1,4
qz.com,0.000630119722747322,2,4
cnn.com,0.010752688172043013,1,5
ageofshitlords.com,4.421785251577472e-06,0,1
undergroundjournalist.org,0.0,0,6
viraltitle.com,5.887533971071013e-07,1,5
adn.com,3.2070812353676924e-05,2,4
charlotteobserver.com,9.192021325489477e-05,2,4
courant.com,4.082965866405357e-05,2,4
nottnews.com,0.0,0,3
lifezette.com,7.415097137772504e-05,1,1
restoreamericanglory.com,2.318792187525362e-06,2,1
mises.org,3.989467804994814e-05,1,2
newsy.com,7.835946621531613e-06,2,4
hbr.org,0.0004006410256410256,2,3
circa.com,1.688219603606037e-05,2,2
pantagraph.com,1.023122570083896e-05,2,3
liberalmountain.com,1.8722033961769607e-06,2,4
jointcenter.org,4.163958358750829e-07,2,4
journalnow.com,1.5026973417284024e-05,2,2
cityandstateny.com,4.74743638435245e-06,2,3
teapartypatriots.org,1.454050548613272e-06,2,1
splcenter.org,5.66925562673621e-05,2,4
historynewsnetwork.org,9.841454173268643e-06,2,4
defund.com,7.839969292408275e-08,0,0
people.com-politics,0.0011111111111111113,2,5
oann.com,2.2634676324128565e-05,1,1
zcomm.org-zmag,3.5594662224452827e-06,2,5
theblacksphere.net,1.6458575411546678e-06,1,1
stocknewsusa.com,5.011094563363287e-07,2,3
cctv-america.com,1.2241115704249747e-06,2,4
firstpost.com,0.0007710100231303008,2,5
hoover.org,1.355729992814631e-05,1,2
learnliberty.org,3.2606002112868936e-06,2,2
militarytimes.com,0.00014347202295552367,2,2
freepress.net,6.212569270147363e-06,2,4
ciponline.org,9.619139779567792e-07,2,4
thenation.com,7.534091765237701e-05,2,5
ifyouonlynews.com,1.1687622573941743e-06,0,6
thenews.com.pk,5.581291510855612e-05,2,3
wikitribune.com,6.104745218458308e-06,2,3
earthmagazine.org,3.376325207644e-06,2,3
news.trust.org,1.4266759876164526e-05,2,4
libertynation.com,3.768792139807112e-06,2,1
eagletribune.com,7.929711041329654e-06,2,3
russia-insider.com-en,4.383849896979528e-05,1,2
alphanewsmn.com,1.1982548616195371e-06,1,1
nola.com-#-0,0.00010207206287639072,2,4
alhayat.com,5.234779877506151e-05,2,4
roanoke.com,2.0509454858689857e-05,2,4
louderwithcrowder.com,4.703447627110673e-05,1,1
investigaterussia.org,3.2456046399163934e-06,2,4
dallasvoice.com,2.3729746661224646e-06,2,5
theodysseyonline.com,0.00021992522542335605,1,4
chicagoreader.com,2.1275237750781866e-05,2,5
whowhatwhy.org,4.5211431258279335e-06,1,5
twincities.com,5.495109352676118e-05,2,4
mtdemocrat.com,3.190199706501627e-06,2,4
politico.com,0.0011534025374855825,2,4
knightstemplarinternational.com,1.6247428844385373e-06,0,0
chronicle.su,6.118898769550646e-07,0,3
columbiadailyherald.com,1.6108325265747097e-06,2,2
americanlookout.com,3.096023158253224e-06,0,0
jpost.com,0.00015845349389954048,2,3
investors.com,0.0001023122570083896,1,2
cnsnews.com,4.3746445601294894e-05,1,1
thetimesherald.com,2.5266881435158864e-06,2,2
tennessean.com,4.609356994699239e-05,2,2
ipolitics.ca,9.970089730807577e-06,2,4
thelasource.com-en,4.843058275067306e-07,2,5
religionnews.com,1.350056027325134e-05,2,4
buffalonews.com,4.024144869215292e-05,2,4
archaeology.org,9.49631542961331e-06,2,3
politicslive.net,9.28375806526482e-07,0,0
marxist.com,7.074136955291455e-06,2,5
interpretermag.com,9.673949215636197e-07,2,4
unwatch.org,2.0674099694643553e-06,1,1
psmag.com,3.58512888538343e-05,2,4
alliedprogress.org,4.3563228104903744e-07,2,4
debatepost.com,4.177371180316227e-06,2,1
townhall.com,0.00010579771476936097,1,1
pjmedia.com,0.00012226433549333658,1,1
baptistnews.com,4.353978447806683e-06,2,4
duffelblog.com,1.3410758110155968e-05,0,3
jewishpress.com,9.258144852934367e-06,2,2
usadosenews.com,7.360805872804244e-08,0,0
omaha.com,5.193995740923493e-05,2,2
economictimes.indiatimes.com,0.004587155963302753,2,4
riverbender.com,5.075961767855964e-06,2,3
ndtv.com,0.0028490028490028487,2,4
kuow.org,1.1786615119869874e-05,2,4
lifehacker.com,0.0019379844961240308,2,4
mlive.com,0.0001888930865130336,2,3
nationalmemo.com,3.6544631959011536e-06,2,5
projectveritas.com,3.7775477670915147e-06,1,1
taxfoundation.org,4.285591840233136e-05,2,2
govexec.com,1.6887042572234325e-05,2,3
truthorfiction.com,1.16982323970848e-05,2,3
insidephilanthropy.com,8.947264821144176e-06,2,4
thejakartapost.com,0.0001124859392575928,2,3
pbs.org-newshour,0.0006605019815059445,2,4
conservative101.com,1.6868811254870869e-06,0,0
allnewspipeline.com,1.1643883468014254e-05,0,0
washingtonexaminer.com,0.00017674089784376103,2,2
seattletimes.com,0.00023025558369790464,2,4
time.com,0.0018587360594795536,2,4
amgreatness.com,1.4087880196666806e-05,2,2
ibleedredwhiteblue.com,1.942431384096965e-07,1,1
sonsoflibertymedia.com,2.630533656362866e-06,0,0
cbsnews.com,0.001607717041800643,2,4
afr.com,8.278145695364238e-05,2,3
wearyourvoicemag.com,6.024967465175687e-06,2,5
bbc.com-news,0.011235955056179777,2,4
northjersey.com,2.336230258854313e-05,2,4
chicago.suntimes.com,9.821253191907288e-05,2,4
couriermail.com.au,3.850448577259251e-05,2,2
thefrisky.com,1.4319672365896267e-05,2,5
globalnews.ca,0.0003653635367190354,2,4
americanprogress.org,2.299114840786297e-05,2,5
nationalvanguard.org,7.3638244758797924e-06,0,0
theamericanconservative.com,3.092624091541673e-05,2,2
eaglerising.com,3.96557877622239e-06,0,0
erlc.com,3.964085386399224e-06,1,1
defendevropa.org,3.52092839840009e-06,0,0
yesmagazine.org,1.254484783099581e-05,2,5
stimson.org,2.591566524216893e-06,2,3
peacock-panache.com,9.740541203950377e-07,2,5
host.madison.com-wsj,4.863103632738414e-05,2,3
upr.org,2.345111263803911e-06,2,4
uproxx.com,0.00027427317608337906,2,5
factcheck.org-scicheck,3.76548555936288e-05,2,3
sputniknews.com,0.0013440860215053767,1,2
wn.com,6.157635467980295e-05,2,3
modernliberals.com,4.92300663768985e-07,1,5
washingtonbabylon.com,6.691917502041035e-07,2,2
earthfirstjournal.org,1.3105094998833646e-06,1,5
earth.columbia.edu-sections-view-9,0.0005341880341880341,2,3
libertyheadlines.com,7.807193548135252e-06,1,1
freetelegraph.com,1.2667218366250575e-07,0,1
dandygoat.com,2.8307313250993023e-07,0,3
conservapedia.com-Main_Page,1.0102030508132134e-05,0,0
ivn.us,3.696543362301912e-06,2,3
strategic-culture.org,1.187056337693787e-05,2,2
berkshireeagle.com,6.006438902503484e-06,2,4
resourcegovernance.org,2.6091879946041994e-06,2,4
theamericanmirror.com,3.287202919036192e-05,0,0
jacobinmag.com,4.208754208754209e-05,2,5
ruthinstitute.org,2.908091794499112e-07,0,0
proudemocrat.com,1.2339905155488974e-06,1,5
fmobserver.com,2.521259258063996e-07,0,3
betootaadvocate.com,2.7044569450454348e-05,0,3
dailyrecord.co.uk,5.87406015037594e-05,1,5
uft.org,6.646991571614688e-06,2,4
nextgov.com,1.2223743399178565e-05,2,3
discovermagazine.com,5.742176284811945e-05,2,3
talkingpointsmemo.com,0.0001570845114671693,2,5
birminghammail.co.uk,6.940106877645916e-05,1,4
kfor.com,3.454947484798231e-05,2,4
americanconsequences.com,1.3633581146393306e-06,1,1
windsorstar.com,1.908943399828195e-05,2,4
sonorannews.com,9.94605261063989e-07,1,1
mentalfloss.com,0.0003787878787878788,2,3
thefifthcolumnnews.com,1.004110829736943e-06,1,4
informationliberation.com,8.375910880308231e-06,0,0
commondreams.org,4.945843018942579e-05,2,5
dcreport.org,1.9140587616039813e-06,2,4
autostraddle.com,3.966679888932963e-05,2,5
jns.org,3.88891697551149e-06,2,2
bgr.com,0.00027196083763937986,2,4
wgntv.com,6.453278265358803e-05,2,4
bearingarms.com,1.9120458891013384e-05,1,1
americantruthseekers.com,1.3957569825185627e-07,0,0
themillenniumreport.com,7.42931011426279e-06,0,0
politicususa.com,4.5419448607893895e-05,2,5
knoxreport.com,0.0,1,1
piie.com,1.1369708821757075e-05,2,3
huzlers.com,6.631783485532763e-06,0,3
mediaequalizer.com,2.092496725242625e-06,1,1
thecanary.co,2.014829142488717e-05,2,5
westernjournalism.com,3.569121389387575e-07,1,1
worldpolicy.org,3.0422322683492237e-06,2,4
axios.com,0.0002853067047075606,2,4
hotair.com,6.392635683692387e-05,2,1
workers.org,2.9634195490860814e-06,1,5
globalintegrity.org,5.309140641259243e-07,2,3
harddawn.com,6.266194195624317e-07,0,3
fedsoc.org,3.7737415515361016e-06,1,1
politichicks.com,7.257657736118822e-07,1,1
nextavenue.org,1.4359151086987735e-05,2,3
rappler.com,0.0007002801120448178,1,5
oppositionreport.com,1.6297633909509017e-06,0,6
ejinsight.com,7.77049078419793e-06,2,3
factbox.tv,2.1663843867810693e-07,2,4
avoiceformen.com,2.534918502370149e-05,0,0
christwire.org,2.109825711517623e-07,0,3
futureinamerica.com-news,0.0,1,1
newcenturytimes.com,2.314718904008376e-07,0,6
chaser.com.au,2.124657930073258e-06,0,3
financialpost.com,7.882705344474224e-05,2,2
sctimes.com,6.968204084761235e-06,2,3
factmyth.com,7.674067025301399e-06,2,4
simplepolitics.co.uk,1.7034718801082866e-07,2,3
libertyhangout.org,1.6677952080908082e-06,1,1
tulsaworld.com,3.888478438387059e-05,2,2
newsday.com,9.592326139088728e-05,2,4
psychologytoday.com,0.0007942811755361397,2,3
consortiumnews.com,1.4994526997645859e-05,2,3
usainfront.com,0.0,0,0
conservativehq.com,1.4806303931962072e-06,1,1
hoover.org-publications-policy-review,1.355729992814631e-05,2,1
rinf.com,1.2922751667358031e-06,0,0
adl.org,1.7048263634348842e-05,2,4
conservativedailynews.com,3.1472074828005117e-06,1,1
capitalresearch.org,2.233394156100851e-06,1,1
infogalactic.com,9.762383583575768e-06,0,0
news.err.ee,3.671341508187091e-05,2,3
opslens.com,1.8298094253483502e-06,1,1
vote.us.org,9.358861812661793e-07,1,5
leftfootforward.org,2.314043466992484e-06,2,5
geopoliticsalert.com,6.4761722195526e-07,2,4
newsnow.co.uk,0.00034831069313827936,1,3
themarshallproject.org-#.qjbbuljBK,1.1026695630120524e-05,2,3
magapill.com,3.417062761191735e-06,0,1
themilitant.com,7.14590946704378e-07,2,5
latimes.com,0.0013793103448275859,2,4
indymedia.org-or-index.shtml,2.851927903262605e-05,1,4
wikipedia.org,0.2,2,3
dailydot.com,0.00018412815319462345,2,5
readersupportednews.org,6.313450174251225e-06,1,5
redstate.com,4.6609182008855735e-05,1,1
military.com,0.00012406947890818859,2,3
silive.com,2.1487354691763894e-05,2,4
bradford-delong.com,3.1632956479378474e-06,2,5
democratherald.com,5.962211503490875e-06,2,3
feministcurrent.com,6.048289543717037e-06,2,5
deccanherald.com,4.039587962027873e-05,1,4
cowgernation.com,4.211872341518826e-07,1,1
federaltimes.com,4.6904535199508435e-06,2,3
sunlightfoundation.com,3.3449178989901687e-06,2,3
hillarydaily.com,1.3820893929891028e-07,1,1
freemedia.at,3.533776186164984e-07,2,3
beinglibertarian.com,1.7165672774213042e-06,2,1
frontpagemag.com,1.974684544144073e-05,0,0
americanindependent.com,1.6223879148973178e-07,2,5
tabletmag.com,2.7226442320781947e-05,2,4
curvemag.com,2.52724368694527e-06,2,5
helenair.com,7.533183674084343e-06,2,3
ahtribune.com,3.396531462070933e-06,1,4
nber.org,6.608948516291059e-05,2,3
faithfamilyamerica.com,3.919631868174942e-06,2,2
centerforinquiry.net,3.150678025911176e-06,2,3
bjreview.com,1.4706509542318716e-06,2,4
tnonline.com,2.648810154478608e-06,2,2
sciencedaily.com,0.00026034886748242653,2,3
elpasotimes.com,5.156552947485665e-06,2,4
cnbc.com,0.002232142857142857,2,4
algemeiner.com,9.892566725362564e-06,2,2
calgaryherald.com,3.2030749519538757e-05,2,4
feministfrequency.com,2.96334051449518e-06,2,4
viralliberty.com,3.2009966623207805e-07,0,0
dailysnark.com,0.0002069108214359611,0,3
eng.majalla.com,2.8071278590597244e-06,2,3
freedomhouse.org,2.141419332733736e-05,2,2
newsblaze.com,2.231495325017294e-06,0,0
votesmart.org,1.5067048365225253e-05,2,3
reporterslab.org,6.147724911442023e-07,2,3
theintercept.com,0.00015271838729383018,2,4
evonomics.com,7.2283582952639805e-06,2,5
gbtimes.com,9.330185950605996e-06,2,3
thenationalpatriot.com,4.588448306082539e-07,0,0
torontosun.com,7.357810315650064e-05,2,1
theunrealtimes.com,1.233147498005384e-06,0,3
staresattheworld.com,3.54397290703592e-07,0,0
youthradio.org,1.766709538818142e-06,2,4
samefacts.com,1.210151232599538e-06,2,5
bluetribune.com,5.5522559732141413e-08,0,6
canadians.org,2.352509421800234e-06,2,4
heraldsun.com.au,0.00010334849111202976,2,2
notallowedto.com,9.822111734378668e-07,0,3
worldpress.org,2.0297974262168635e-06,2,3
azdailysun.com,7.654213261689897e-06,2,4
newbostonpost.com,2.963489805595069e-06,1,1
thedcgazette.com,0.0,0,0
barenakedislam.com,7.845229316052909e-06,0,0
twitchy.com,5.420935653493793e-05,1,1
newyorker.com-humor-borowitz-report,0.0008904719501335707,0,3
lbc.co.uk,3.928501276762915e-05,1,2
thenewamerican.com,1.2955549509632449e-05,1,1
scienceillustrated.com.au,7.496645251250066e-07,2,3
rawstory.com,0.00020395676116663264,1,5
teapartytribune.com,5.043553607174757e-07,2,1
freakoutnation.com,5.9193176873533606e-08,0,6
smithsonianmag.com,0.00023803856224708403,2,3
qctimes.com,1.1723741749416745e-05,2,3
statnews.com,4.003843689942344e-05,2,3
unionleader.com,1.6431153466973378e-05,2,1
steadfastandloyal.com,5.9038150452822606e-06,0,0
theresurgent.com,9.64965946351753e-07,1,1
france24.com-en,0.00023419203747072597,2,4
cnntimes.online,0.0,1,5
independentsentinel.com,3.1531517328145352e-06,2,1
100percentfedup.com,9.567363808576184e-06,0,0
sofrep.com,2.0541473234460376e-05,2,2
cochrane.org,3.476567932137394e-05,2,3
bullshido.net,4.3061500434921165e-06,2,3
thenewstribune.com,2.4685872275296852e-05,2,4
straitstimes.com-global,0.0002744990392533626,2,2
stltoday.com,0.00011916110581506196,2,4
tfp.org,2.9289352441706864e-06,0,0
lifenews.com,1.5946420028703556e-05,1,1
spiegel.de,0.0017730496453900707,2,4
greenvillegazette.com,1.0832602493751755e-07,2,5
sciencedirect.com,0.0036231884057971015,2,3
lewrockwell.com,2.0473343706494142e-05,0,0
thetrace.org,1.2194080993085955e-05,2,4
gazette.com,1.752326213047821e-05,2,2
patheos.com,0.00015959144589849984,1,3
girlsjustwannahaveguns.com,2.153705665968866e-06,0,0
newsandgutsmedia.com,0.0,2,4
observeronline.news,5.8605269598305425e-08,0,3
crfb.org,3.5772671825085944e-06,2,3
stpete4peace.org,2.5880620461994963e-07,2,5
feministing.com,5.2405957509249645e-06,2,5
unz.com,3.571556127004536e-05,0,0
lfpress.com,2.147351242242693e-05,2,2
globalvoices.org,1.57398517305967e-05,2,5
dcstatesman.com,3.20507684171728e-06,1,1
thedailyliberator.com,3.690467227912923e-07,1,1
irinnews.org,9.761144787060628e-06,2,4
sciencebasedmedicine.org,1.751252145283878e-05,2,3
nationalreview.com,0.00018570102135561742,2,1
snopes.com,0.0005567928730512249,2,3
project-syndicate.org,2.2418508720799885e-05,2,3
theburningspear.com,3.340466342463273e-07,2,5
pacificpundit.com,2.0527600385097785e-06,0,0
theredshtick.com,7.517429159506315e-07,0,3
wallstreetonparade.com,1.607515456261112e-06,2,4
politicaldig.com,7.342629101776182e-06,1,5
memri.org,6.667022241186198e-06,0,1
tvw.org,8.748049185031738e-07,2,3
dailytarheel.com,6.682839137379124e-06,2,4
lexingtoninstitute.org,7.793758446485716e-07,2,2
kmov.com,2.9991302522268542e-05,2,4
nationaleconomicseditorial.com,9.941237346047513e-07,0,0
middleeastmonitor.com,1.6350021255027633e-05,1,5
irishtimes.com,0.0002594033722438392,2,4
britannica.com,0.0010869565217391304,2,3
srnnews.com,2.593165970401604e-06,2,2
dailytelegraph.com.au,6.958458005705935e-05,1,1
astronomy.com,3.9215686274509805e-05,2,3
foreignaffairs.com,4.594954739695814e-05,2,3
thesouthern.com,7.897584129014934e-06,2,3
cis.org,9.65306871054308e-06,0,0
washingtonblade.com,5.762459878873093e-06,2,4
canadiandimension.com,1.4509513162304863e-06,2,5
schmedium.org,2.368317968475793e-07,0,3
standard.net,9.014206389269487e-06,2,3
change.org,0.0008123476848090983,2,5
democraticunderground.com,3.7640682049158734e-05,1,5
sciencenews.org,4.007855396577292e-05,2,3
pastemagazine.com,0.00027056277056277056,2,5
texastribune.org,4.925380485642516e-05,2,3
consnation.com,1.4135400456601706e-07,0,0
ctvnews.ca,0.00027404768429706766,2,4
thewire.in,7.950389569088885e-05,2,4
realclearinvestigations.com,4.441010063328804e-06,2,2
kansas.com,3.2630685897017545e-05,2,2
newser.com,6.439150032195749e-05,2,4
rep-am.com,3.5140491685759657e-06,2,2
honestreporting.com,4.299799199377389e-06,2,2
loveknowledge.org,8.406610958858046e-07,1,5
democracynow.org,5.458813253998581e-05,2,5
prospectmagazine.co.uk,8.726384222697325e-06,2,4
thenational.ae,7.525020693806908e-05,2,2
prwatch.org-cmd,1.991226655356499e-06,2,5
winonadailynews.com,4.403908909548114e-06,2,3
abovethelaw.com,6.461617989144482e-05,2,4
us.blastingnews.com,0.005050505050505051,1,4
factcheck.org,3.76548555936288e-05,2,3
neweurope.eu,3.351756823338953e-06,2,4
thediplomat.com,6.389368091495751e-05,2,3
dailysurge.com,3.2563913192422774e-07,1,1
eastbaytimes.com,2.8199199142744347e-05,2,4
theday.com,8.531258531258533e-06,2,3
mediacircus.com,2.306381573302803e-07,1,1
defenseone.com,2.127659574468085e-05,2,3
electronicintifada.net,1.1545344339894936e-05,2,5
usasupreme.com,2.0996330471323528e-07,0,0
thelibertyeagle.com,8.547008547008547e-07,0,0
acsh.org,1.5656067508963098e-05,2,2
technologyreview.com,0.00017473353136466887,2,3
rt.com-news,0.003355704697986577,1,2
dallasnews.com,0.00015748031496062994,2,2
scroll.in,0.00041425020712510354,2,4
brookings.edu,0.00012868356710848025,2,4
slate.com,0.0008748906386701663,2,5
westernjournalism.com-thepoint,3.569121389387575e-07,1,1
conservativebase.com,2.2714691885426183e-07,1,1
desmoinesregister.com,2.7301517964398818e-05,2,2
stripes.com,3.153977165205324e-05,2,3
theepochtimes.com,0.006329113924050633,2,2
mondoweiss.net,1.4124293785310736e-05,2,5
newsbusters.org,5.154373485902789e-05,1,1
thewashingtonreporter.com,1.6974153456531741e-06,0,0
revealnews.org,8.637219506296534e-06,2,4
theoswatch.com,0.0,1,5
thesun.co.uk,0.0014925373134328358,1,1
antiwar.com,1.9748015324459893e-05,1,2
bostonherald.com,5.907372400756144e-05,2,2
mynorthwest.com,3.0097817908201653e-05,2,2
missoulian.com,1.3925055352095025e-05,2,3
digg.com,0.0004198152812762384,2,4
fortune.com,0.0005414185165132649,2,2
cumberlink.com,5.947141803649166e-06,2,3
mediazone.news,0.0,0,0
statesman.com,6.500260010400418e-05,2,4
carnegieendowment.org,1.6913605304106624e-05,2,3
liberalexaminer.com,3.3204323468550194e-07,1,5
readingthepictures.org,1.4461106853118537e-06,2,5
corporatepresidency.org,2.0504290727877715e-07,2,4
imowired.com,1.4161846682148399e-07,0,0
richmond.com,4.2322668020992044e-05,2,2
telegraph.co.uk,0.002178649237472767,2,2
alreporter.com,1.8873123539692062e-06,2,3
thestarphoenix.com,1.841858066417402e-05,2,2
msnbc.com,0.00042735042735042735,1,5
mintpressnews.com,2.1135393329669867e-05,2,4
news.com.au,0.001142857142857143,2,4
theshovel.com.au,5.560931122307119e-06,0,3
thenewatlantis.com,4.652417861562654e-06,2,2
bust.com,7.577594568380213e-06,2,5
thehumanist.com,4.388139735921752e-06,2,3
censored.news,3.28072149627146e-06,0,0
miamiherald.com,0.0003677822728944465,2,4
frontiersin.org,0.00018628912071535025,1,3
outabouter.com,1.3391631569432262e-06,0,3
ifamericaknew.org,2.16198920302592e-06,2,4
the-daily-news.co.uk,0.0,0,3
malaysia-today.net,1.6385921216490792e-05,1,3
drudgereport.com,0.001953125,1,1
insidesources.com,4.189955837865469e-06,2,2
texasstandard.org,2.6400967331443025e-06,2,3
thenewtropic.com,1.945506366669585e-06,2,4
thelocal.no,6.461701495237727e-06,2,4
bigthink.com,0.0001222195062331948,2,3
nydailynews.com,0.0007621951219512195,1,4
scripps.ucsd.edu-news,0.0004478280340349307,2,3
lavendermagazine.com,1.0791956970309168e-06,2,5
thecitizenpress.com,5.734480917654576e-07,1,1
freewoodpost.com,2.3484520413214837e-07,0,3
dispatch.com,3.7683234728869125e-05,2,2
truebluescoop.com,2.6061633678719484e-07,0,6
carepublican.com,2.745504373863018e-07,2,1
fightforthefuture.org,3.3617852424351426e-06,2,4
heraldnet.com,1.2193337560357022e-05,2,4
drudge.com,5.6957014541125825e-06,1,5
bluedotdaily.com,4.379664342524789e-06,1,5
legitgov.org,6.700975662056396e-07,1,4
donaldtrumpnews.co,1.7645927408183828e-07,0,0
forward.com,4.825556145345751e-05,2,4
redorbit.com,5.6143818004199564e-06,2,3
taipeitimes.com,1.572104576396422e-05,2,3
liberalbias.com,2.3177296817965747e-07,0,3
abc.net.au,0.001002004008016032,2,3
cbpp.org,1.2994776100007795e-05,2,4
aeon.co,8.258320257659592e-05,2,4
ocweekly.com,1.246898340378309e-05,2,4
rochdaleherald.co.uk,5.795186518078084e-06,0,3
billingsgazette.com,1.3472549680026945e-05,2,2
dailyheadlines.net,1.2810346660790988e-06,0,0
redalertpolitics.com,1.5309106162527597e-06,1,1
hopkinsmedicine.org,7.952286282306163e-05,2,3
phoenixnewtimes.com,2.8278143822639483e-05,2,4
citizensunited.org-index.aspx,4.512651670222636e-07,1,1
nationalpost.com-index.html,0.00014854426619132502,2,2
idahostatesman.com,2.375804803877313e-05,2,3
ourvoiceny.com,1.0406444502951788e-06,2,5
observer.com,8.384338056510439e-05,2,1
thewashingtonstandard.com,1.9939344513988443e-06,0,0
splinternews.com,0.00022026431718061675,1,5
christianitytoday.com,7.855459544383346e-05,2,2
bizstandardnews.com,1.4349240422958212e-06,0,3
empirenews.net,2.406038193450283e-06,0,3
therantidote.com,7.851130013142793e-08,1,1
politicalcritique.org,1.7393724344256592e-06,2,4
globegazette.com,1.2360481069923242e-05,2,3
washingtonmonthly.com,2.3904572944804346e-05,2,5
theautomaticearth.com,2.7905678805636953e-06,2,4
themilreview.com,2.4899759792017285e-07,2,1
arstechnica.com,0.0010460251046025104,2,3
iea.org,2.115148694953255e-05,2,3
theblaze.com,0.00017424638438752395,1,1
atlanticcouncil.org,1.109914869529507e-05,2,3
bannedinformation.com,1.2094220752425011e-07,0,0
weaselzippers.us,2.4485798237022532e-05,1,1
towleroad.com,7.755545214828604e-05,1,5
ronpaulinstitute.org,5.183549487346956e-06,1,1
theage.com.au,0.0002039151712887439,2,4
space.com,0.0003594536304816679,2,3
boingboing.net,0.0001864975755315181,2,5
ilovemyfreedom.org,1.306301598913157e-05,0,0
crimethinc.com,3.1389092917992853e-06,2,5
constitutionproject.org,4.167097266717561e-07,2,3
sayfiereview.com,2.3016072123163605e-06,2,3
investopedia.com,0.0019493177387914231,2,3
reductress.com,2.5937645899258183e-05,0,3
cfr.org,5.325948018747337e-05,2,2
gomerblog.com,8.331736417186705e-06,0,3
newshounds.us,2.5831249612531257e-06,1,5
nypost.com,0.0016025641025641025,1,2
indianexpress.com,0.0010718113612004287,2,3
skepticink.com,2.474751349358173e-06,2,3
dissentmagazine.org,9.681198145082435e-06,2,5
whatmattersnews.com,1.4740283573575388e-06,2,5
newyorker.com,0.0008904719501335707,2,5
hardnews.network,2.0742330678798995e-07,0,0
spectrumreport.com,4.032210913662703e-07,1,3
airwars.org,1.281005127863527e-06,2,3
gallup.com-home.aspx,7.479431563201197e-05,2,3
sciencemag.org,0.0005310674455655868,2,3
americanthinker.com,5.7954216169226306e-05,1,1
cbc.ca,0.00129366106080207,2,4
faithwire.com,9.004466215242761e-06,1,1
amny.com,2.3225027289407064e-05,2,4
onenewsnow.com,9.716378899911583e-06,1,1
thefederalistpapers.org,6.9321206743567e-06,0,0
koco.com,1.367876781659508e-05,2,4
eveningharold.com,6.018201448460724e-07,0,3
ihypocrite.net,5.575798802875997e-07,0,0
scotsman.com,5.723115664167573e-05,2,3
democratichub.com,4.265469150420917e-07,1,5
silenceisconsent.net,4.652179778835373e-06,1,1
ammoland.com,6.576783952647156e-05,2,1
thesciencepost.com,1.1212635294460623e-06,0,3
thedailymash.co.uk,3.0082425846820288e-05,0,3
scarymommy.com,4.797773832941515e-05,2,5
russialies.com,2.7724669632836657e-07,2,3
treehugger.com,6.659119664380367e-05,2,3
clashdaily.com,6.514870191211441e-06,0,0
cnas.org,3.6351739430731764e-06,2,3
scoopnest.com,3.166160081053698e-05,2,3
lompocrecord.com,2.4593772364961742e-06,2,3
opensecrets.org,3.685277317118113e-05,2,3
usafirstinformation.com,6.216144159345138e-08,0,0
patriotupdate.com,2.075358767270098e-07,0,0
manhattan-institute.org,3.1443179031172767e-06,2,2
jewwatch.com,1.2116776646609363e-06,0,0
mashable.com,0.0008992805755395684,2,5
natmonitor.com,4.965563814943368e-07,2,4
democracyguardian.com,1.056100703003994e-07,1,5
ottawacitizen.com,4.418912947414936e-05,2,2
miaminewtimes.com,4.2351346772827374e-05,2,5
sentinelksmo.org,1.0127402726296814e-06,1,1
vice.com,0.008,1,4
news.harvard.edu-gazette,0.0012531328320802006,2,3
themoscowtimes.com,2.5559105431309906e-05,2,4
thetruthaboutguns.com,3.6428545408181845e-05,2,1
worldaffairsjournal.org,3.4473367599860726e-06,2,4
govtrack.us,3.4112229234180454e-05,2,3
mackinac.org,3.0753144509026052e-06,2,2
news.sky.com,0.0007564296520423602,2,4
dailycurrant.com,6.226638430936929e-07,0,3
pewresearch.org,8.427439743805832e-05,2,3
hermancain.com,2.857134693900875e-06,1,1
publicintegrity.org,6.968058420201794e-06,2,3
al.com,0.0001441753171856978,2,2
climatefeedback.org,6.832790012647493e-07,2,3
trofire.com,4.234596654668644e-06,2,5
numbersusa.com,4.8652330446628385e-06,1,1
prri.org,3.2160442013115026e-06,2,3
timeline.com,1.0935176275041553e-05,2,4
sbsun.com,6.899930310703862e-06,2,2
foreignpolicy.com,9.851246182642104e-05,2,3
latintimes.com,5.7161148710444485e-06,2,4
allenwestrepublic.com,2.951619996635153e-06,0,0
news.mongabay.com,4.1039110272089296e-05,2,4
rescue.org,1.5075225374619351e-05,2,3
fusion.kinja.com,0.0005296610169491525,1,4
aptnnews.ca,3.979925257003674e-06,2,3
wsws.org,2.4756151903748083e-05,2,5
spin.com-death-and-taxes,8.617718028266114e-05,2,5
aina.org,1.4877764288604824e-06,1,1
